Saxe,Verling
Gordie,Elt
Viv,Bossom
Margalit,Coard
Theodor,Rilston
Stanislaus,Priestnall
Seth,Waszczykowski
Trever,Bevir
Vivianna,Scobbie
Joete,Motto
Richmound,Padden
Kariotta,Kearney
Corbett,Coggill
Lewiss,Beek
Celestia,Steward
Madeline,Neissen
Jarred,Melross
Abbye,Langlois
Mitchael,Dennick
Tad,Bewlay
Anderson,Woodgate
Conchita,Derington
Eleonora,Gatherell
Kelley,Hovert
Daune,Venditti
Trey,Collen
Christoph,Maloney
Stanley,Huckell
Donavon,Curling
Lezlie,Besnard
Dianemarie,Ubsdell
Adrian,Tuther
Daphna,Fantini
Giorgia,Dodshun
Gayleen,Falkingham
Carney,Small
Bambie,Cancellieri
Tricia,Jeffreys
Nealy,Itzkovici
Britt,Riddel
Renelle,Mew
Eric,Dyett
Mary,Edeler
Theodosia,Adamovicz
Samuele,Darwood
Cynthia,Ettels
Allys,Venour
Herrick,Byrd
Jade,Stilwell
Dominik,Lampke
Ingemar,Wiseman
Caye,Spier
Reinaldo,Kaubisch
Rip,Paaso
Edmon,Cohn
Nadya,Hattiff
Toinette,Brumbye
Babbette,Paramor
Devora,Basten
Kayne,Martusewicz
Mortie,Konrad
Hildy,Dofty
Dyanne,Matzaitis
Josiah,Belliard
Cyrille,Paice
Emelia,Dyott
Andras,Zorzutti
Fifi,Baldetti
Ilysa,Itscowics
Horten,Davidoff
Willi,Aisman
Swen,Tarplee
Tadeo,Doyle
Amby,Licence
Blancha,Coaten
Annamaria,Garvagh
Lyndsay,Sirey
Taryn,Prinne
Phil,Bygrove
Joni,Munning
Giffer,Chalder
Petronille,Walduck
Cristionna,Radbond
Hester,Aland
Skipton,Luthwood
Teriann,Weldrick
Mercy,Eisig
Natty,Colledge
Adara,Darlington
Pace,Petkens
Beverly,Sainter
Loleta,Care
Granger,Heynel
Pru,Allsobrook
Hayyim,Semrad
Thedrick,Fetherstone
Ryon,Kunzel
Conny,Gathwaite
Winifred,Couldwell
Leonie,Aleksandrikin
Bank,Arran
Kynthia,O'Boyle
Tuesday,Scotchmoor
Elsa,Billion
Stanly,Eberle
Kendall,Bessom
Wendeline,Heighton
Mikaela,Santhouse
Cilka,Dulinty
Alidia,O'Scollee
Blinnie,Follan
Lynnelle,Mingame
Chuck,Chinge de Hals
Jesus,Symms
Rubina,Fernanando
Isaiah,Horsburgh
Susanetta,Kilty
Winthrop,Bonney
Sanders,Smittoune
Bryon,Cordero
Lucine,Warne
Ferdinande,McGill
Annadiane,Hambric
Meredith,Garza
Freddi,Heatherington
Rosalind,Cockarill
Lark,Mingay
Lilia,Brealey
Whitney,Vlasenkov
Wallache,Stannett
Giorgio,Brookbank
Dickie,Rispin
Jodee,Steere
Armstrong,Surgison
Doyle,Erricker
Hervey,Gowen
Kacie,Stout
Jase,Rawling
Law,Madgwick
Maible,Dohmer
Jacklyn,Timms
Krystle,MacDonald
Kalli,Baltzar
Cedric,Bettles
Judye,Forson
Piotr,Maher
Louise,Champerlen
Krissy,Van der Baaren
Miguel,Dahill
Joanna,Batistelli
Reed,Manston
Lorne,Byart
Rosina,Sanz
Gipsy,Garratty
Marian,Ibbotson
Nari,Bridle
Alphonso,Gascone
Ailee,Trim
Lanie,Bluett
Flem,Sawers
Donnell,Elen
Dionisio,Millmore
Lowrance,Bau
Arlene,Casetta
Alexandro,Hymas
Ellen,Dacres
Essy,Bricket
Pearle,Dimnage
Isadora,Khristoforov
Claudie,Meedendorpe
Leonore,McKinless
Grannie,Seccombe
Cleveland,Lovelace
Montgomery,Kilduff
Web,Pankhurst.
Briny,Eadington
Rutger,Vannuccinii
Millie,Fedorchenko
Janaye,Arundel
Adda,Rosso
Thomasin,Portriss
Brigitte,Grahlmans
Issi,Barmby
Lucho,Howcroft
Dana,Yanov
Brande,Packe
Jess,Rimer
Filmer,Dunsire
Elfrida,Cockings
Shanon,Laurentino
Darnell,Wanek
Orson,McGeachie
Marcelo,Abramowitch
Mikol,Gherarducci
Beret,Dyzart
Rudolf,Smithen
Kirstin,Macura
Feodor,Grindrod
Berkeley,MacGibbon
Byran,McGenn
Anstice,De Hoogh
Yehudi,Corish
Elvira,Bellison
Ringo,Claxton
Una,Jell
Thibaud,Aldrich
Brod,Wooddisse
Oliy,Mapp
Isador,Teasey
Sandor,Gerger
Hubert,Dmytryk
Yettie,Avarne
Fredek,Imloch
Konstantine,McFetridge
Cornie,Axtonne
Rani,Pennone
Kelly,Schinetti
Murielle,Doll
Rani,Cormode
Weylin,Drakers
Dory,Yurygyn
Marjorie,Corwin
Lonee,Mapston
Stanislaw,Pitcaithley
Annabelle,Flasby
Marnia,Gare
Shana,Franzettoini
Bianka,Harley
Letizia,Muehler
Angelika,Margetts
Sibelle,Plumbley
Alano,Parton
Kacy,Ethelston
Muriel,Deary
Di,Ellif
Sascha,Millett
Carson,Message
Ines,Teague
Dedie,Gregori
Pen,Shout
Winna,Tamblingson
Marthena,Durnford
Fredrick,Ector
Gualterio,Whetland
Leigh,Rawlingson
Kaile,Lago
Jenn,Naughton
Veronika,Adran
Magdalena,Bogart
Philippe,Gorriessen
Ulla,Legerton
Maximilian,Blasli
Eva,Brookhouse
Ali,Cicchillo
Cori,Jeffries
Corbie,Dovinson
Elianore,Ambrogelli
Tammie,Luckie
Matelda,Farthing
Claudianus,Oleszcuk
Karissa,Allsworth
Ayn,Edmunds
Sarina,Traher
Ibrahim,Rosenboim
Brande,Birkby
Augy,Rosensaft
Essie,Fortesquieu
Thomasa,Durrell
Isadore,Cocozza
Gaylor,Critchard
Koenraad,Schwerin
Dilly,Biasi
Suzanna,Gibbeson
Fredric,McDill
Avigdor,Houltham
Jaime,Lawther
Melisa,Pierro
Tony,Shanahan
Krystle,Buntin
Arturo,Pool
Angelina,Gruszecki
Alvin,Peirce
Kristal,O'Shiel
Charisse,Milan
Norman,Pimer
Chloe,Wiffill
Coreen,Wickett
Andi,Begent
Del,Claussen
Cathleen,Hacon
Babita,Qualtro
Mina,Daughtry
Brook,Willsmore
Anabal,Devanny
Burton,Corstorphine
Bondie,Allderidge
Dorrie,Matthensen
Germaine,Stennings
Kally,Quainton
Gwenore,Kirdsch
Lamont,Watt
Luke,Wetherell
Pen,Collick
Caresse,Bogges
Sammie,Padfield
Nadiya,Parsonage
Gabbey,Habgood
Lindy,Hardison
Peyter,Gitthouse
Janis,Fogden
Kermit,Hazelgrove
Torey,La Croce
Barney,Targett
Shelagh,Goldis
Boyce,Millican
Deb,Manderson
Genevra,Neat
Bertrand,Rummer
Louise,Dorwood
Juan,Dunkerley
Joanie,Crehan
Worthington,Leverette
Leona,Scrooby
Birch,Saul
Georgeanna,Danilenko
Garfield,Chung
Gusella,Dike
Dev,Liversidge
Reinold,Yearnsley
Benton,Hammerson
Kandy,Millhouse
Clemens,Sandaver
Gray,Stapells
Harold,Matchett
Joyan,Raynor
Ellynn,Grigorkin
Crissie,Attwool
Laureen,Saintpierre
Hans,Glavias
Rory,Burlay
Tersina,Campelli
Aubrey,Bromfield
Jessika,Derrett
Amelia,Casterton
Devlen,Mouncher
Andrea,Muslim
Gawen,Andrzejak
Gill,Attyeo
Kaye,Eite
Siward,Eyckel
Tremain,Harvie
Tremain,Scopham
Evin,Oliphant
Gherardo,Berkeley
Lance,Carncross
Judy,Douse
Chadd,Mattam
Slade,Bouchard
Denys,McKew
Jemie,Winson
Darin,Charlon
Lilli,Plumtree
Yolanda,Beniesh
Claybourne,Levensky
Adela,Eyrl
Genni,Zapater
Klara,Fortoun
Gracie,Stirland
Ruggiero,Physick
Amata,Stode
Vilhelmina,Bushel
Edee,Arsmith
Aviva,Bolderoe
Desdemona,Kares
Harlene,Paschke
Abdel,McEneny
Jennilee,Gildea
Dallas,Bhar
Franz,Cody
Melisse,Girdler
Ashley,Peirpoint
Miles,Marre
Laura,Treadgall
Boris,Kitching
Jozef,Bennetto
Rene,Marczyk
Nicolis,Drewry
Wren,Gasquoine
Cleopatra,Lesly
Gigi,Leyzell
Vassily,Trevains
Ellie,Tunnah
Dominik,Dufore
Patrick,Boggers
Nealon,Reay
Maxim,Petrina
Broddie,Kobpa
Ingrim,Jordanson
Raymond,Blanpein
Erny,Forde
Doti,Stitt
Cherin,Rodnight
Arnuad,Tann
Lulu,Popelay
Byrom,Burghill
Misti,Laste
Sue,Jerrard
Ronny,Strelitzer
Stu,Bennett
Ira,Versey
Asia,Roiz
Holt,Faragan
Gard,Daye
Montague,Serginson
Nicol,Camden
Jolene,Brown
Tonie,Formby
Freddi,MacArdle
Fernandina,Hardiman
Lindon,De Gogay
Andrus,Curwen
Tiler,Meco
Crystie,Fulop
Shelbi,Benge
Bebe,Henkmann
Lindsey,Thoumasson
Mic,Jewkes
Alanna,Yantsev
Margery,MacDermot
Allistir,Buckberry
Jacquie,Pache
Lewes,Skate
Lazar,Satteford
Zelda,Benet
Moselle,Rooksby
Elvera,Littrell
Cati,Van Arsdalen
Emelita,Dickinson
Rosabelle,Cattrall
Rainer,Jellman
Godard,Fansy
Averill,Melliard
Vincents,Revie
Quincey,Vassay
Yoko,Izsak
Tadio,Whymark
Hastie,MacGinlay
Chad,Chetter
Fraser,Layfield
Marlane,Ninotti
Jakob,Capitano
Nadiya,Lafrentz
Felice,Darton
Bryana,Quadri
Romonda,Hawkswood
Frasco,Workman
Sebastien,Simenet
Michel,Hedaux
Vikki,Wabb
Cindi,Jenman
Velma,Vail
Norrie,Kilpatrick
Karin,Souness
Catriona,Begley
Woody,Spadollini
Witty,Blacksell
Joe,Donati
Hugues,O'Connor
Katlin,Beard
Lilian,Dabs
Rodney,Stonestreet
Norean,Dugdale
Jarred,Marchi
Analiese,Durdy
Dolly,Roubay
Elisha,Masser
Cate,Annis
Perri,Coyle
Flossie,Harkness
Frants,Forber
Paula,Scandrite
Rayner,Snowsill
Jacqui,Fenn
Harriot,Jee
Vita,Ast
Langston,Spykins
Gunar,Camosso
Kat,O'Grada
Francis,Simeon
Bernardine,Seakin
Melisande,Masters
Gerick,Dressel
Husain,Gosker
Brandyn,Casajuana
Bonny,Shelsher
Marys,Fenning
Herta,Teresia
Gennifer,Real
Marci,Leeder
Kerrie,Simister
Geraldine,Cockings
Danny,Slyford
Boony,Joiris
Oona,Gannicott
Bill,Dawson
Myca,Dumper
Lila,Buffery
Montague,Lacroux
Welsh,Laidler
Lynelle,Caplen
Albertina,Woollons
Ed,Buncom
Melina,Lushey
Johnny,Greatrex
Meggy,Lusher
Filmer,Romei
Feliza,Palmer
Raddie,Perryn
Tanny,Mucklestone
Udall,Massinger
Merna,Bockings
Gwenny,Luc
Lorie,Greenleaf
Lorettalorna,Wheway
Bat,Blackborough
Reinaldos,Massard
Redd,Flather
Alejoa,Senten
Garv,Lytlle
Kevina,Tommen
Giuditta,De Ferrari
Frances,Norquay
Hali,Vivash
Isis,Carwithim
Vaughan,Cottel
Rupert,O'Lahy
Cecile,Sedworth
Norry,Matysiak
Orlando,Toyer
Mab,Getty
Ringo,Parsons
Analiese,Rens
Yard,Sherburn
Buddie,Itzchaki
Laney,Dunbleton
Lorri,Ashby
Kristien,Skpsey
Fabian,Marunchak
Mira,Maher
Michaelina,Rennebach
Stacy,Troucher
Hester,O'Rodane
Nelie,Proschke
Marcelle,Sprulls
Barbaraanne,Tracy
Charles,Poller
Nicky,Pantling
Maxie,Giovannacc@i
Timmi,Scogings
Dorita,Sidnell
Killian,Marrow
Rochelle,Stanistreet
Bernette,Setchell
Howie,Uttley
Melinda,Foresight
Franklyn,Haycox
Caren,Dowker
Rafaelita,De Blasio
Zebulen,Govier
Lucretia,Ossipenko
Micheline,Jago
Eula,Yorkston
Ansley,Balderstone
Finn,Goodridge
Josias,Zotto
Reagan,Ambrosini
Dacie,MacFaell
Audy,Ierland
Cristionna,Mariner
Alexandros,Reen
Chelsie,Olander
Johnnie,Grevel
Elisabeth,Liffey
Steffi,Karadzas
Uriah,Corry
Adrien,Swallow
Errol,Spyvye
Hortense,Densumbe
Erek,Mockford
Ivette,Groveham
Sunny,Pinnegar
Judie,Steane
Jeniece,Rentcome
Ware,Bellingham
Oralle,Hasker
Demetria,Karlik
Dodie,Awde
Jerrilyn,De Biasio
Gwen,Stit
Dixie,Lantuffe
Eamon,Grainger
Farra,Nesby
Hale,Durber
Lelia,Filipyev
Marjory,Scalera
Tristan,Fliege
Zsa zsa,Mingasson
Dehlia,Fintoph
Tomlin,Lailey
Clair,Barthel
Ezequiel,Ottiwill
Tresa,Bush
Lenore,Johnigan
Arlen,Jendrach
Hailey,Elleton
Hewett,Klyn
Sharia,Chasmer
Hephzibah,Checcuzzi
Gnni,Currie
Tildi,Courteney
Hedwig,Pimme
Carmencita,Agott
Timothee,Garrique
Winonah,Toffel
Ailey,Nicklin
Justina,Earsman
Bobbye,Lowell
Leah,Braga
Roxi,Sarver
Lita,Geraldo
Rhianna,David
Lari,Cadalleder
Fields,Coneybeare
Linus,Lauder
Samantha,Lathaye
Filia,Troppmann
Lionel,Gieves
Carissa,Willshee
Crista,De Lorenzo
Hadrian,Lorentz
Tansy,Fourman
Ailey,Breach
Doti,Geldard
Terrill,Hancill
Alexis,Kelsey
Tom,Amorine
Ive,Collum
Tybalt,McAlees
Karylin,Kroger
Suzanna,Pietrzyk
Kata,Elstone
Eliot,Abbatt
Sarena,Ryal
Courtnay,Clemitt
Ola,Bennoe
Ingar,Gheorghie
Dyanna,Hamblin
Hope,Warwick
Olenka,Sutliff
Gabrielle,Ludwell
Kristina,Nosworthy
Terrence,Jenik
Tan,Jermin
Ardenia,Weale
Lizzie,Pritchett
Gabriele,Charge
Bertrando,Gally
Marigold,Stanners
Emlynn,Milstead
Georgeanne,Ladyman
Anselm,Orrell
Webster,Tongs
Othella,Ginnell
Jacynth,Bullier
Ludovico,Sawford
Eziechiele,Godsafe
Haily,Giacomozzo
Lemmie,McGeorge
Shane,Pooly
Ebba,Storre
Rodolph,Chander
Derrick,Slimon
Bree,De Beauchemp
Adrianne,Elias
Benyamin,Paybody
Mireielle,Bonner
Anita,Cawson
Noe,Coleshill
Leila,Ridgedell
Trudie,Dutteridge
Talya,Shenfisch
Lynea,Marqyes
Bobbee,Hanley
Sibley,Burger
Nikolai,Machans
Eimile,Gwilym
Simeon,Pleaden
Kin,Crebbin
Heida,Theis
Irwinn,Norwell
Jaime,Madoc-Jones
Alex,Attridge
Eleonore,McCray
Chicky,Beacom
Nicola,Cottey
Lotte,Arboine
Dougie,Beedell
Annadiane,Mixon
Jo-anne,Grosvenor
Nancee,Haddleston
Berna,Gernier
Bern,Whinray
Stefa,Le Fleming
Billi,Chesswas
Matteo,Tommeo
Trudey,Beswetherick
Emmalynne,Rowe
Marnie,Whatson
Wilbur,Pethrick
Paulina,Pirie
Aggie,Allsworth
Lorene,Oake
Jemima,Stobie
Jaquelin,Swiffan
Alys,Naptine
Kristel,Growy
Cilka,Merrington
Skippie,Chester
Caterina,Dies
Allsun,Hemerijk
Reginauld,Fishley
Chrissie,O'Kennavain
Nedi,De La Cote
Weider,Mayman
Kary,Ortsmann
Allix,Ash
Robby,McKinnon
Alexandro,Worthy
Sebastien,Duchasteau
Vonny,Hayto
Rowen,Airdrie
Emmalynne,Setch
Lavena,Allner
Anni,Rout
Fons,Hacun
Lavena,Dixey
Jsandye,Cleft
Codie,Meriet
Drucill,Bartoletti
Aviva,Gyorgy
Burtie,Casel
Brand,Paskins
Meta,Darridon
Carlota,Smails
Mikol,Schwanden
Barbara-anne,Extance
Wenona,Le Strange
Fonsie,Copin
Thomasine,Cleeve
Delmer,McCree
Vannie,Jobe
Freddy,Vicary
Brook,Bidgod
Anne-marie,Gobel
Corrine,Casburn
Zorine,Madelin
Alanna,Grube
Manda,Oldall
Hilary,Edensor
Jessa,Pitsall
Gwyneth,Willers
Arman,Sollis
Syd,Grieswood
Falkner,Grishankov
Cyril,Norville
Ainslie,Parmeter
Casey,Crews
Molli,Zukierman
Byram,Laise
Raychel,Pagnin
Grissel,Franciottoi
Pate,Bridell
Griffin,Castri
Sol,Schimann
Gus,Tough
Webb,Avramow
Jessie,Tunmore
Annelise,Dabell
Davida,Elcomb
Ruthi,Newbatt
Justinn,Beverage
Aldric,Sweeting
Francene,Kestell
Tanny,Blindt
Darcy,Honisch
Joyann,Marcu
Else,Minico
Merline,Critch
Gretta,Schimke
Renado,Glidder
Kiele,Grammer
Talbot,Wessell
Mireielle,Crisford
Benji,Paddington
Daisie,Donnelly
Gabey,Ethridge
Sallie,Belfit
Kizzee,Rowson
Giacopo,Duffitt
Glad,Minot
Jessica,Prendergast
Edgar,Uebel
Emilie,Henden
Alfreda,McLaggan
Myra,Willgoss
Myrtice,Bolduc
Arly,Penrice
Enos,Colbridge
Amelina,Mirando
Morganica,Straneo
Redford,Gilmore
Lonee,Howling
Deedee,Assinder
Demetre,Scanes
Lorrie,Oldknow
Allyce,Hancill
Waring,Matchell
Levon,Iltchev
Artemus,Ourtic
Ursala,Franzotto
Vin,Taunton.
Jacynth,McEnery
Buckie,Lacase
Barty,Coveney
Andriana,McGreay
Francklin,Durie
Gunner,Scane
Cecil,Sinnocke
Aaren,Rapson
Rollo,Dugan
Tuesday,Goodban
Bernadine,Clutterbuck
Ilyse,Ludy
Drusi,Boote
Rosalyn,Middleditch
Travers,Pyburn
Ashla,Carnier
Lissy,Wytchard
Friederike,Rother
Kingsly,Crone
Stinky,Fanshawe
Nico,Moff
Sadie,Ibel
Ranee,Shrubb
Aggi,Digger
Audie,Coolson
Stephan,Fermoy
Indira,Dagon
Sigfried,Saladine
Rosalynd,Pepall
Izaak,Braferton
Kali,Dahill
Amery,Minchindon
Olly,Joynt
Tammara,Flips
Bruis,Lynskey
Kesley,Vondrasek
Kahaleel,Normansell
Hayward,Muzzollo
Antonie,Engley
Beulah,Landes
Halimeda,Linskey
Robby,Wernham
Phyllys,Warden
Christa,Gammack
Arv,Alvares
Raye,Korejs
Franklyn,Goodsell
Selby,Bough
Aldon,Lawday
Corena,Cockson
Jodie,Muselli
Nefen,Gerrill
Albertine,Leddy
Jourdain,Storrs
Jo,Bridgland
Hazel,Kinforth
Oberon,Tommasi
Geno,Kagan
Modestia,McGarvey
Meredith,Aicheson
Lelah,Edensor
Pamela,Ambrois
Chauncey,Akister
Vickie,Braunfeld
Cloe,Bath
Rhett,Eicke
Hercule,Bartusek
Dora,Slorach
Dewain,Lissaman
Gerald,Cahill
Nicholle,Overstone
Cecil,Fulle
Carmine,McGiven
Romona,Redmire
Beniamino,Yakobowitch
Alina,Andreone
Wernher,Laxen
Jade,Gabbatt
Allin,Zoppo
Johnette,Figgures
Susi,Nuss
Luther,Crumbleholme
Hermann,Williams
Gaylor,Bootherstone
Karolina,Roswarne
Arnuad,Strange
Hester,Martonfi
Nerita,Hallward
Larry,Chishull
Arney,Skewes
Mayne,Massy
Kissee,Callis
Ivonne,Farloe
Marya,Mangeon
Larine,Dominighi
Flore,Count
Luisa,Robathon
Krissy,Hugues
Stephine,Roscow
Kizzie,Lockhurst
Evangeline,Bawle
Austin,Gasticke
Gian,Chell
Abran,Newnham
Kennie,Fargie
Seward,Ditt
Pandora,Simeoni
Marcile,Freckleton
Pamelina,Lodge
Eleonore,Greenrod
Roch,Gauchier
Marcelia,Senn
Tobiah,Asser
Kristoforo,McMyler
Katuscha,Werendell
Juli,Grundell
Jessika,Coventry
Zacharia,Drennan
Connie,Leal
Luelle,Morshead
Karoly,Tripet
Correy,Tyrrell
Hadria,Hellyer
Gilly,Mirfin
Beverley,Poxton
Cyrillus,Leithgoe
Silas,Moncaster
Jackie,Worboys
Lynde,McLeod
Hillary,Vittery
Verla,Siemons
Sher,Robillart
Eddy,Collar
Ingeborg,Kitchaside
Meade,Arnhold
Hugues,Garthside
Darbie,Braizier
Bernetta,McCurtin
Tonye,McCallam
Genna,Crook
Darill,Peller
Ezri,Slainey
Lurleen,Vickors
Kinnie,MacGee
Web,Tickner
Lauritz,Beardsdale
Mariana,Elijah
Bridgette,Freezer
Corby,Whenman
Roderigo,Lowrance
Jon,Simonazzi
Tansy,McKyrrelly
Nicole,Snowball
Rudyard,Wherton
Lucretia,Caroll
Yehudit,Vinck
Quillan,Petrushkevich
Bev,Davydochkin
Nikolia,Fedoronko
Sibyl,Carver
Leila,Hapgood
Baxter,Guillard
Abbe,MacIlory
Celesta,Twallin
Putnam,Bladge
Ewell,O'Hickee
Heidi,Ledwidge
Vergil,Greenan
Peg,Lorenzo
